Continent,region
Africa,Algeria
Africa,Angola
Africa,Benin
Africa,Botswana
Africa,Burkina Faso
Africa,Burundi
Africa,Cameroon
Africa,Cape Verde
Africa,Central African Republic
Africa,Chad
Africa,Comoros
Africa,Democratic Republic of the Congo
Africa,Djibouti
Africa,Egypt
Africa,Equatorial Guinea
Africa,Eritrea
Africa,Ethiopia
Africa,Gabon
Africa,Gambia
Africa,Ghana
Africa,Guinea
Africa,Guinea-Bissau
Africa,Ivory Coast
Africa,Kenya
Africa,Lesotho
Africa,Liberia
Africa,Libya
Africa,Madagascar
Africa,Malawi
Africa,Mali
Africa,Mauritania
Africa,Mauritius
Africa,Morocco
Africa,Mozambique
Africa,Namibia
Africa,Niger
Africa,Nigeria
Africa,Republic of Congo
Africa,Rwanda
Africa,Sao Tome and Principe
Africa,Senegal
Africa,Seychelles
Africa,Sierra Leone
Africa,Somalia
Africa,South Africa
Africa,South Sudan
Africa,Sudan
Africa,Swaziland
Africa,Tanzania
Africa,Togo
Africa,Tunisia
Africa,Uganda
Africa,Western Sahara
Africa,Zambia
Africa,Zimbabwe
Antarctica,Antarctica
Asia,Afghanistan
Asia,Armenia
Asia,Azerbaijan
Asia,Bahrain
Asia,Bangladesh
Asia,Bhutan
Asia,Brunei
Asia,Cambodia
Asia,China
Asia,Georgia
Asia,India
Asia,Indonesia
Asia,Iran
Asia,Iraq
Asia,Israel
Asia,Japan
Asia,Jordan
Asia,Kazakhstan
Asia,Kuwait
Asia,Kyrgyzstan
Asia,Laos
Asia,Lebanon
Asia,Malaysia
Asia,Maldives
Asia,Mongolia
Asia,Myanmar
Asia,Nepal
Asia,North Korea
Asia,Oman
Asia,Pakistan
Asia,Palestine
Asia,Philippines
Asia,Qatar
Asia,Russia
Asia,Saudi Arabia
Asia,Siachen Glacier
Asia,Singapore
Asia,South Korea
Asia,Sri Lanka
Asia,Syria
Asia,Taiwan
Asia,Tajikistan
Asia,Thailand
Asia,Timor-Leste
Asia,Turkey
Asia,Turkmenistan
Asia,United Arab Emirates
Asia,Uzbekistan
Asia,Vietnam
Asia,Yemen
Atlantic islands,Ascension Island
Atlantic islands,Azores
Atlantic islands,Bermuda
Atlantic islands,Canary Islands
Atlantic islands,Madeira Islands
Atlantic islands,Saint Helena
Atlantic islands,South Georgia
Atlantic islands,South Sandwich Islands
Australia and New Zealand,Australia
Australia and New Zealand,New Zealand
Central America,Anguilla
Central America,Antigua
Central America,Aruba
Central America,Bahamas
Central America,Barbados
Central America,Barbuda
Central America,Belize
Central America,Bonaire
Central America,Cayman Islands
Central America,Costa Rica
Central America,Cuba
Central America,Curacao
Central America,Dominica
Central America,Dominican Republic
Central America,El Salvador
Central America,Grenada
Central America,Grenadines
Central America,Guadeloupe
Central America,Guatemala
Central America,Haiti
Central America,Honduras
Central America,Jamaica
Central America,Martinique
Central America,Mexico
Central America,Montserrat
Central America,Nevis
Central America,Nicaragua
Central America,Panama
Central America,Puerto Rico
Central America,Saba
Central America,Saint Barthelemy
Central America,Saint Kitts
Central America,Saint Lucia
Central America,Saint Martin
Central America,Saint Vincent
Central America,Sint Eustatius
Central America,Sint Maarten
Central America,Tobago
Central America,Trinidad
Central America,Turks and Caicos Islands
Central America,Virgin Islands
Europe,Albania
Europe,Andorra
Europe,Austria
Europe,Belarus
Europe,Belgium
Europe,Bosnia and Herzegovina
Europe,Bulgaria
Europe,Croatia
Europe,Cyprus
Europe,Czech Republic
Europe,Denmark
Europe,Estonia
Europe,Faroe Islands
Europe,Finland
Europe,France
Europe,Germany
Europe,Greece
Europe,Guernsey
Europe,Hungary
Europe,Iceland
Europe,Ireland
Europe,Isle of Man
Europe,Italy
Europe,Jersey
Europe,Kosovo
Europe,Latvia
Europe,Liechtenstein
Europe,Lithuania
Europe,Luxembourg
Europe,Malta
Europe,Moldova
Europe,Monaco
Europe,Montenegro
Europe,Netherlands
Europe,North Macedonia
Europe,Norway
Europe,Poland
Europe,Portugal
Europe,Romania
Europe,San Marino
Europe,Serbia
Europe,Slovakia
Europe,Slovenia
Europe,Spain
Europe,Sweden
Europe,Switzerland
Europe,UK
Europe,Ukraine
Europe,Vatican
Indian Ocean islands,Chagos Archipelago
Indian Ocean islands,Christmas Island
Indian Ocean islands,Cocos Islands
Indian Ocean islands,French Southern and Antarctic Lands
Indian Ocean islands,Heard Island
Indian Ocean islands,Mayotte
Indian Ocean islands,Reunion
North America,Canada
North America,Greenland
North America,Saint Pierre and Miquelon
North America,USA
Australasia,American Samoa
Australasia,Cook Islands
Australasia,Fiji
Australasia,French Polynesia
Australasia,Guam
Australasia,Kiribati
Australasia,Marshall Islands
Australasia,Micronesia
Australasia,Nauru
Australasia,New Caledonia
Australasia,Niue
Australasia,Norfolk Island
Australasia,Northern Mariana Islands
Australasia,Palau
Australasia,Papua New Guinea
Australasia,Pitcairn Islands
Australasia,Samoa
Australasia,Solomon Islands
Australasia,Tonga
Australasia,Vanuatu
Australasia,Wallis and Futuna
South America,Argentina
South America,Bolivia
South America,Brazil
South America,Chile
South America,Colombia
South America,Ecuador
South America,Falkland Islands
South America,French Guiana
South America,Guyana
South America,Paraguay
South America,Peru
South America,Suriname
South America,Uruguay
South America,Venezuela
